year,min_code,min_name,total_budget_million_baht,total_disbursed_million_baht
2559,03000,กระทรวงการคลัง,199174.0666,195613.0801259801
2560,03000,กระทรวงการคลัง,217713.61209999997,216232.64711777997
2561,03000,กระทรวงการคลัง,284391.5235,236677.95721944
2562,03000,กระทรวงการคลัง,242947.9925,241558.08662529
2563,03000,กระทรวงการคลัง,249201.3484,211554.02488343
2564,03000,กระทรวงการคลัง,268440.1769,266634.04111508
2565,03000,กระทรวงการคลัง,273602.8224,271398.83976057003
2566,03000,กระทรวงการคลัง,285154.718,283582.90671694
2567,03000,กระทรวงการคลัง,327020.54750000004,324693.07030584
2568,03000,กระทรวงการคลัง,389659.6761,388174.17149047
2569,03000,กระทรวงการคลัง,429269.61679999996,386530.94718312
2559,05000,กระทรวงการท่องเที่ยวและกีฬา,7136.7527,5304.76767153
2560,05000,กระทรวงการท่องเที่ยวและกีฬา,6695.1638,4969.57116598
2561,05000,กระทรวงการท่องเที่ยวและกีฬา,6749.2016,5076.40638894
2562,05000,กระทรวงการท่องเที่ยวและกีฬา,6074.9973,5155.50248161
2563,05000,กระทรวงการท่องเที่ยวและกีฬา,5888.9023,5041.55990796
2564,05000,กระทรวงการท่องเที่ยวและกีฬา,6092.6778,4891.15653533
2565,05000,กระทรวงการท่องเที่ยวและกีฬา,5092.8573,4495.94003194
2566,05000,กระทรวงการท่องเที่ยวและกีฬา,5295.5348,4522.71882343
2567,05000,กระทรวงการท่องเที่ยวและกีฬา,5417.7301,4456.042152489999
2568,05000,กระทรวงการท่องเที่ยวและกีฬา,6394.6787,5311.70982655
2569,05000,กระทรวงการท่องเที่ยวและกีฬา,6613.0804,3775.81362839
2559,07000,กระทรวงเกษตรและสหกรณ์,86403.6833,79922.45318861
2560,07000,กระทรวงเกษตรและสหกรณ์,94417.8817,81744.88197567
2561,07000,กระทรวงเกษตรและสหกรณ์,124881.2132,97213.35470936999
2562,07000,กระทรวงเกษตรและสหกรณ์,108996.9008,95982.525764079
2563,07000,กระทรวงเกษตรและสหกรณ์,108074.1976,91440.14676989001
2564,07000,กระทรวงเกษตรและสหกรณ์,110731.0865,96646.39597545
2565,07000,กระทรวงเกษตรและสหกรณ์,109852.6187,96344.76267863999
2566,07000,กระทรวงเกษตรและสหกรณ์,128133.5581,117682.24230311999
2567,07000,กระทรวงเกษตรและสหกรณ์,118423.75880000001,95418.586063401
2568,07000,กระทรวงเกษตรและสหกรณ์,122627.42199999999,107909.31110668
2569,07000,กระทรวงเกษตรและสหกรณ์,131351.7489,82719.77328262001
2559,08000,กระทรวงคมนาคม,136101.3359,124964.18755954999
2560,08000,กระทรวงคมนาคม,157389.91,140312.06588275
2561,08000,กระทรวงคมนาคม,168767.9964,133062.87731719
2562,08000,กระทรวงคมนาคม,179598.6513,140677.04742145998
2563,08000,กระทรวงคมนาคม,176095.1827,130109.43341697
2564,08000,กระทรวงคมนาคม,189958.7282,164491.46667414
2565,08000,กระทรวงคมนาคม,173164.30419999998,155001.04946626
2566,08000,กระทรวงคมนาคม,180312.9204,167388.36741983
2567,08000,กระทรวงคมนาคม,183280.1807,139032.16845206002
2568,08000,กระทรวงคมนาคม,193352.843,157441.38755103
2569,08000,กระทรวงคมนาคม,199955.9235,105200.56260647
2559,11000,กระทรวงดิจิทัลเพื่อเศรษฐกิจและสังคม,20172.8517,4554.261497670001
2560,11000,กระทรวงดิจิทัลเพื่อเศรษฐกิจและสังคม,7703.6812,4834.51530292
2561,11000,กระทรวงดิจิทัลเพื่อเศรษฐกิจและสังคม,6571.158100000001,5565.65000357
2562,11000,กระทรวงดิจิทัลเพื่อเศรษฐกิจและสังคม,5413.3619,4512.18329521
2563,11000,กระทรวงดิจิทัลเพื่อเศรษฐกิจและสังคม,6786.2582999999995,5104.7748612899995
2564,11000,กระทรวงดิจิทัลเพื่อเศรษฐกิจและสังคม,8301.657500000001,6761.9659579
2565,11000,กระทรวงดิจิทัลเพื่อเศรษฐกิจและสังคม,6825.2033,6092.2173045399995
2566,11000,กระทรวงดิจิทัลเพื่อเศรษฐกิจและสังคม,6786.2135,6043.16658174
2567,11000,กระทรวงดิจิทัลเพื่อเศรษฐกิจและสังคม,8655.3606,7257.63319964
2568,11000,กระทรวงดิจิทัลเพื่อเศรษฐกิจและสังคม,9604.7221,8040.85890596
2569,11000,กระทรวงดิจิทัลเพื่อเศรษฐกิจและสังคม,10197.020100000002,6350.19299784
2559,12000,กระทรวงพลังงาน,2006.5346000000002,1924.26084528
2560,12000,กระทรวงพลังงาน,2052.9789,1935.73280049
2561,12000,กระทรวงพลังงาน,2221.1344,2055.38031655
2562,12000,กระทรวงพลังงาน,2300.9315,2067.82647602
2563,12000,กระทรวงพลังงาน,2141.0391,1868.85233882
2564,12000,กระทรวงพลังงาน,2279.1679,2001.92835085
2565,12000,กระทรวงพลังงาน,2707.4469,2304.14294436
2566,12000,กระทรวงพลังงาน,2699.9982,2141.9601534
2567,12000,กระทรวงพลังงาน,2774.371,2003.32503341
2568,12000,กระทรวงพลังงาน,2849.9727,2261.42726022
2569,12000,กระทรวงพลังงาน,2797.2354,1538.20555962
2559,13000,กระทรวงพาณิชย์,7192.5847,6489.55069105
2560,13000,กระทรวงพาณิชย์,7092.4232,5955.41901627
2561,13000,กระทรวงพาณิชย์,7332.1524,6219.83419071
2562,13000,กระทรวงพาณิชย์,6889.1816,6210.0797281
2563,13000,กระทรวงพาณิชย์,7406.3714,5911.16126091
2564,13000,กระทรวงพาณิชย์,6825.4728000000005,5599.11006166
2565,13000,กระทรวงพาณิชย์,6345.0745,5695.98443311
2566,13000,กระทรวงพาณิชย์,6443.286,5985.83526031
2567,13000,กระทรวงพาณิชย์,6773.0884,6001.27647177
2568,13000,กระทรวงพาณิชย์,7345.2303,6783.92296298
2569,13000,กระทรวงพาณิชย์,9327.1129,5266.75497517
2559,15000,กระทรวงมหาดไทย,341820.8171,319395.89337135
2560,15000,กระทรวงมหาดไทย,335145.525,313283.84570857004
2561,15000,กระทรวงมหาดไทย,386259.34890000004,350983.04700957
2562,15000,กระทรวงมหาดไทย,371801.7313,345413.19386993
2563,15000,กระทรวงมหาดไทย,352122.6483,310142.33629222
2564,15000,กระทรวงมหาดไทย,334487.6718,299151.12834792
2565,15000,กระทรวงมหาดไทย,315513.09270000004,283341.57266069
2566,15000,กระทรวงมหาดไทย,325245.8591,290499.34143815
2567,15000,กระทรวงมหาดไทย,351596.1587,292534.97572702
2568,15000,กระทรวงมหาดไทย,294412.7025,248628.85554957
2569,15000,กระทรวงมหาดไทย,299781.7533,190065.11116549
2559,21000,กระทรวงสาธารณสุข,123542.05859999999,120298.09396225
2560,21000,กระทรวงสาธารณสุข,131101.6194,125480.80619582
2561,21000,กระทรวงสาธารณสุข,262439.5804,130061.60390474
2562,21000,กระทรวงสาธารณสุข,135388.6648,130634.51915046
2563,21000,กระทรวงสาธารณสุข,137389.4062,132853.97641908
2564,21000,กระทรวงสาธารณสุข,145802.3118,144177.41470421
2565,21000,กระทรวงสาธารณสุข,153838.65840000001,153922.4418585
2566,21000,กระทรวงสาธารณสุข,152263.8904,150927.40444789
2567,21000,กระทรวงสาธารณสุข,165375.9482,162769.66617565
2568,21000,กระทรวงสาธารณสุข,171965.69389999998,174027.45792255
2569,21000,กระทรวงสาธารณสุข,371896.7073,130793.70384833
2559,22000,กระทรวงอุตสาหกรรม,5965.3722,5589.89878921
2560,22000,กระทรวงอุตสาหกรรม,5782.8760999999995,5376.11543265
2561,22000,กระทรวงอุตสาหกรรม,5746.7816,4884.34195264
2562,22000,กระทรวงอุตสาหกรรม,5231.1637,4843.82140037
2563,22000,กระทรวงอุตสาหกรรม,5183.7988000000005,4316.58257872
2564,22000,กระทรวงอุตสาหกรรม,4659.1803,4129.18475014
2565,22000,กระทรวงอุตสาหกรรม,4341.057,4099.84516093
2566,22000,กระทรวงอุตสาหกรรม,4471.9084,3860.01941333
2567,22000,กระทรวงอุตสาหกรรม,4530.3228,3928.2148431100004
2568,22000,กระทรวงอุตสาหกรรม,5344.0396,4485.52320984
2569,22000,กระทรวงอุตสาหกรรม,5467.5739,3313.32291797
