year_ce,ministry,budget_yoy_pct
2016,กระทรวงการคลัง,
2017,กระทรวงการคลัง,9.30821256827219
2018,กระทรวงการคลัง,30.626432016282745
2019,กระทรวงการคลัง,-14.572702621356438
2020,กระทรวงการคลัง,2.5739483729218193
2021,กระทรวงการคลัง,7.7201943823832275
2022,กระทรวงการคลัง,1.9232014967428546
2023,กระทรวงการคลัง,4.222140509614847
2024,กระทรวงการคลัง,14.681794428524952
2025,กระทรวงการคลัง,19.154493220338065
2026,กระทรวงการคลัง,10.165265520016176
2016,กระทรวงการท่องเที่ยวและกีฬา,
2017,กระทรวงการท่องเที่ยวและกีฬา,-6.187532601486945
2018,กระทรวงการท่องเที่ยวและกีฬา,0.8071169222177987
2019,กระทรวงการท่องเที่ยวและกีฬา,-9.989393412103741
2020,กระทรวงการท่องเที่ยวและกีฬา,-3.0632935425337626
2021,กระทรวงการท่องเที่ยวและกีฬา,3.460330798831568
2022,กระทรวงการท่องเที่ยวและกีฬา,-16.41019815621959
2023,กระทรวงการท่องเที่ยวและกีฬา,3.9796422334472448
2024,กระทรวงการท่องเที่ยวและกีฬา,2.307515758370604
2025,กระทรวงการท่องเที่ยวและกีฬา,18.032433915451062
2026,กระทรวงการท่องเที่ยวและกีฬา,3.415366279466081
2016,กระทรวงเกษตรและสหกรณ์,
2017,กระทรวงเกษตรและสหกรณ์,9.275297179373831
2018,กระทรวงเกษตรและสหกรณ์,32.26436661308829
2019,กระทรวงเกษตรและสหกรณ์,-12.719537224995502
2020,กระทรวงเกษตรและสหกรณ์,-0.8465407669646319
2021,กระทรวงเกษตรและสหกรณ์,2.4583933621543874
2022,กระทรวงเกษตรและสหกรณ์,-0.7933343993694164
2023,กระทรวงเกษตรและสหกรณ์,16.64133237453718
2024,กระทรวงเกษตรและสหกรณ์,-7.577873777938892
2025,กระทรวงเกษตรและสหกรณ์,3.5496789179773947
2026,กระทรวงเกษตรและสหกรณ์,7.114499153378606
2016,กระทรวงคมนาคม,
2017,กระทรวงคมนาคม,15.641708407360323
2018,กระทรวงคมนาคม,7.229234961758357
2019,กระทรวงคมนาคม,6.417481472215902
2020,กระทรวงคมนาคม,-1.9507209963107286
2021,กระทรวงคมนาคม,7.872756816759874
2022,กระทรวงคมนาคม,-8.841090988100241
2023,กระทรวงคมนาคม,4.128227369391069
2024,กระทรวงคมนาคม,1.6456171268356856
2025,กระทรวงคมนาคม,5.495772789796249
2026,กระทรวงคมนาคม,3.4150418465789034
2016,กระทรวงดิจิทัลเพื่อเศรษฐกิจและสังคม,
2017,กระทรวงดิจิทัลเพื่อเศรษฐกิจและสังคม,-61.81164014604836
2018,กระทรวงดิจิทัลเพื่อเศรษฐกิจและสังคม,-14.70106395368489
2019,กระทรวงดิจิทัลเพื่อเศรษฐกิจและสังคม,-17.61936301608693
2020,กระทรวงดิจิทัลเพื่อเศรษฐกิจและสังคม,25.361252865802307
2021,กระทรวงดิจิทัลเพื่อเศรษฐกิจและสังคม,22.33040849624013
2022,กระทรวงดิจิทัลเพื่อเศรษฐกิจและสังคม,-17.785053165587726
2023,กระทรวงดิจิทัลเพื่อเศรษฐกิจและสังคม,-0.5712621043830302
2024,กระทรวงดิจิทัลเพื่อเศรษฐกิจและสังคม,27.54329936716551
2025,กระทรวงดิจิทัลเพื่อเศรษฐกิจและสังคม,10.96848004229889
2026,กระทรวงดิจิทัลเพื่อเศรษฐกิจและสังคม,6.166737505086184
2016,กระทรวงพลังงาน,
2017,กระทรวงพลังงาน,2.314652336421208
2018,กระทรวงพลังงาน,8.190805078415565
2019,กระทรวงพลังงาน,3.592628163338518
2020,กระทรวงพลังงาน,-6.949029121466688
2021,กระทรวงพลังงาน,6.4514842349212564
2022,กระทรวงพลังงาน,18.791024566465687
2023,กระทรวงพลังงาน,-0.2751189690922473
2024,กระทรวงพลังงาน,2.754549984514809
2025,กระทรวงพลังงาน,2.7250032529895885
2026,กระทรวงพลังงาน,-1.8504493043038583
2016,กระทรวงพาณิชย์,
2017,กระทรวงพาณิชย์,-1.3925661521928312
2018,กระทรวงพาณิชย์,3.3800746689791383
2019,กระทรวงพาณิชย์,-6.041483807674264
2020,กระทรวงพาณิชย์,7.50727488443621
2021,กระทรวงพาณิชย์,-7.843228061719931
2022,กระทรวงพาณิชย์,-7.038315353040458
2023,กระทรวงพาณิชย์,1.5478384059950834
2024,กระทรวงพาณิชย์,5.11854355060446
2025,กระทรวงพาณิชย์,8.447282335780537
2026,กระทรวงพาณิชย์,26.98189871595993
2016,กระทรวงมหาดไทย,
2017,กระทรวงมหาดไทย,-1.9528629521844199
2018,กระทรวงมหาดไทย,15.251232699586236
2019,กระทรวงมหาดไทย,-3.7429819216474147
2020,กระทรวงมหาดไทย,-5.29289708554942
2021,กระทรวงมหาดไทย,-5.008191488147451
2022,กระทรวงมหาดไทย,-5.672728982174691
2023,กระทรวงมหาดไทย,3.084742479848268
2024,กระทรวงมหาดไทย,8.101655674545682
2025,กระทรวงมหาดไทย,-16.263959313842193
2026,กระทรวงมหาดไทย,1.8236478094894482
2016,กระทรวงสาธารณสุข,
2017,กระทรวงสาธารณสุข,6.119017997325149
2018,กระทรวงสาธารณสุข,100.18027359317271
2019,กระทรวงสาธารณสุข,-48.4114916684267
2020,กระทรวงสาธารณสุข,1.4777761513163234
2021,กระทรวงสาธารณสุข,6.123401965762332
2022,กระทรวงสาธารณสุข,5.511810135784145
2023,กระทรวงสาธารณสุข,-1.0236490725922698
2024,กระทรวงสาธารณสุข,8.611403377093808
2025,กระทรวงสาธารณสุข,3.9847062234410036
2026,กระทรวงสาธารณสุข,116.26215023809468
2016,กระทรวงอุตสาหกรรม,
2017,กระทรวงอุตสาหกรรม,-3.05925755982166
2018,กระทรวงอุตสาหกรรม,-0.6241617384816545
2019,กระทรวงอุตสาหกรรม,-8.972289811744371
2020,กระทรวงอุตสาหกรรม,-0.9054371592309263
2021,กระทรวงอุตสาหกรรม,-10.120348420930236
2022,กระทรวงอุตสาหกรรม,-6.8278812906210185
2023,กระทรวงอุตสาหกรรม,3.0142750947522723
2024,กระทรวงอุตสาหกรรม,1.3062521584744413
2025,กระทรวงอุตสาหกรรม,17.961563357030542
2026,กระทรวงอุตสาหกรรม,2.3116277057527945
