node,node_type,degree,weighted_degree,betweenness,eigenvector,pagerank
กระทรวงพลังงาน,ministry,0.1724137931034483,15.458616438356163,0.381071964017991,4.5376568918069997e-05,0.07358067298848854
กระทรวงพาณิชย์,ministry,0.12068965517241378,13.87131506849315,0.3644677661169415,0.0024742959240260983,0.051960663665130344
กระทรวงอุตสาหกรรม,ministry,0.08620689655172414,11.07104109589041,0.35371064467766117,3.030386698484104e-06,0.03989195694076462
กระทรวงเกษตรและสหกรณ์,ministry,0.10344827586206896,13.064150684931505,0.27042728635682156,8.852823564329108e-05,0.04540430670807451
กระทรวงการคลัง,ministry,0.1724137931034483,15.539424657534248,0.26780359820089955,2.553014566700269e-06,0.06819550855565579
อุตตม สาวนายน,minister,0.02586206896551724,4.208219178082191,0.24385307346326834,1.1861128894846814e-06,0.0145204315465273
เอกนัฏ พร้อมพันธุ์,minister,0.017241379310344827,1.347945205479452,0.21859070464767616,1.8288308352644847e-06,0.005737541652840839
สุริยะ จึงรุ่งเรืองกิจ,minister,0.02586206896551724,6.043835616438357,0.213455772113943,5.356571123790572e-06,0.018895866887755176
กระทรวงมหาดไทย,ministry,0.07758620689655173,13.869013698630138,0.17421289355322336,0.6934685320365119,0.03646369254363245
ภูมิธรรม เวชยชัย,minister,0.017241379310344827,1.23013698630137,0.16917166416791604,0.016380201734550612,0.005016305777555377
สนธิรัตน์ สนธิจิรวงศ์,minister,0.017241379310344827,2.2,0.1252998500749625,0.00031156520099157953,0.00919062359768759
อรรถกร ศิริลัทธยากร,minister,0.017241379310344827,0.747945205479452,0.10974512743628186,2.128495039202247e-06,0.0034175852469806554
กระทรวงดิจิทัลเพื่อเศรษฐกิจและสังคม,ministry,0.07758620689655173,12.207383561643834,0.10644677661169415,2.776622431928071e-07,0.039201748571904185
กระทรวงการท่องเที่ยวและกีฬา,ministry,0.07758620689655173,11.954150684931506,0.10022488755622189,9.679461487507863e-07,0.03881092833315965
ฉัตรชัย สาริกัลยะ,minister,0.017241379310344827,3.235616438356164,0.09853823088455771,0.0002723788025193462,0.011090899334918193
กระทรวงคมนาคม,ministry,0.06896551724137931,11.897520547945206,0.0906671664167916,4.3037307890341335e-06,0.03679603457652745
อนุทิน ชาญวีรกูล,minister,0.017241379310344827,6.778082191780822,0.09040479760119939,0.25110758325466587,0.01715158064672698
กระทรวงสาธารณสุข,ministry,0.06896551724137931,12.191150684931507,0.08330209895052473,0.13826048042422806,0.034456487895373575
อาคม เติมพิทยาไพสิฐ,minister,0.017241379310344827,6.810958904109589,0.023088455772113943,3.290548439826365e-06,0.02242683102823614
TRUE,stock,0.008620689655172414,0.55,0.0,2.0824760246001548e-08,0.0028117113696431864
ADVANC,stock,0.008620689655172414,0.093,0.0,3.5212776415966247e-09,0.001564437571973099
BANPU,stock,0.008620689655172414,0.204,0.0,9.697361416331765e-07,0.002135890781680707
BCP,stock,0.008620689655172414,0.195,0.0,9.269536647964189e-07,0.0020994815996733997
EGCO,stock,0.008620689655172414,0.497,0.0,2.3625434430965134e-06,0.0033212119292519377
GPSC,stock,0.008620689655172414,0.1,0.0,4.7536085374175333e-07,0.0017151624562629325
GULF,stock,0.008620689655172414,0.0,0.0,5.008715748083513e-45,0.0013106159895150723
IVL,stock,0.008620689655172414,0.268,0.0,1.2739670880278988e-06,0.0023948005203993377
OR,stock,0.008620689655172414,0.146,0.0,6.940268464629597e-07,0.0019012538309669483
PTT,stock,0.008620689655172414,0.597,0.0,2.8379042968382673e-06,0.0037257583959997976
PTTEP,stock,0.008620689655172414,0.789,0.0,3.750597136022434e-06,0.00450248761215569
PTTGC,stock,0.008620689655172414,0.458,0.0,2.17715271013723e-06,0.003163438807220272
RATCH,stock,0.008620689655172414,0.315,0.0,1.4973866892865228e-06,0.002584937359770832
TOP,stock,0.008620689655172414,0.054,0.0,2.566948610205468e-07,0.0015290710815589169
BBL,stock,0.008620689655172414,0.38,0.0,1.368886828710016e-07,0.002727980731943463
KBANK,stock,0.008620689655172414,0.581,0.0,2.0929559144224196e-07,0.0034776920825437437
KKP,stock,0.008620689655172414,0.345,0.0,1.242805147118304e-07,0.002597433979351374
KTB,stock,0.008620689655172414,0.356,0.0,1.2824308184756993e-07,0.0026384629587374595
KTC,stock,0.008620689655172414,0.501,0.0,1.8047692136413635e-07,0.003179299505190398
MTC,stock,0.008620689655172414,0.127,0.0,4.574963874899265e-08,0.0017843142060635082
SCB,stock,0.008620689655172414,0.629,0.0,2.2658679348910534e-07,0.003656727628955751
TCAP,stock,0.008620689655172414,0.19,0.0,6.84443414355008e-08,0.0020192983607292677
TIDLOR,stock,0.008620689655172414,0.0,0.0,5.008715748083513e-45,0.0013106159895150723
TISCO,stock,0.008620689655172414,0.124,0.0,4.466893862106369e-08,0.0017731244844127578
TLI,stock,0.008620689655172414,0.441,0.0,1.5886291880555716e-07,0.002955505072175389
AOT,stock,0.008620689655172414,0.415,0.0,2.3872039308625236e-07,0.0024014343785322876
BEM,stock,0.008620689655172414,0.084,0.0,4.831930848010891e-08,0.00153140814536434
THAI,stock,0.008620689655172414,0.004,0.0,2.3009194514337577e-09,0.0013211299016983708
AWC,stock,0.008620689655172414,0.1,0.0,0.007263459568967615,0.0015340663323648118
CPN,stock,0.008620689655172414,0.228,0.0,0.016560687817246164,0.0018200827712124784
LH,stock,0.008620689655172414,0.323,0.0,0.023460974407765397,0.002032360596919731
SCC,stock,0.008620689655172414,0.582,0.0,0.042273334691391516,0.0026110969849005563
SCGP,stock,0.008620689655172414,0.37,0.0,0.02687480040518018,0.0021373822580591085
WHA,stock,0.008620689655172414,0.403,0.0,0.029271742062939494,0.0022111208711995227
MRDIYT,stock,0.008620689655172414,0.0,0.0,5.008715748083513e-45,0.0013106159895150723
HMPRO,stock,0.008620689655172414,0.583,0.0,0.00015109107567967477,0.003166682030390355
CRC,stock,0.008620689655172414,0.631,0.0,0.00016353082119017974,0.0033194970732068445
CPALL,stock,0.008620689655172414,0.4,0.0,0.00010366454592087467,0.0025840746796524875
COM7,stock,0.008620689655172414,0.406,0.0,0.0001052195141096878,0.0026031765600045484
BJC,stock,0.008620689655172414,0.402,0.0,0.00010418286865047903,0.0025904419731031746
BH,stock,0.008620689655172414,0.212,0.0,0.0030700871053389385,0.0018198681080139282
BDMS,stock,0.008620689655172414,0.086,0.0,0.0012454126936752299,0.0015171993960759289
TTB,stock,0.008620689655172414,0.112,0.0,4.0346138109347844e-08,0.0017283655978097558
สมหมาย ภาษี,minister,0.008620689655172414,0.9698630136986301,0.0,3.493770276592255e-07,0.004928115043730287
อภิศักดิ์ ตันติวรวงศ์,minister,0.008620689655172414,3.893150684931507,0.0,1.4024428144173996e-06,0.01583170682578575
MINT,stock,0.008620689655172414,0.061,0.0,7.994781732549846e-09,0.001478933413643346
TFG,stock,0.008620689655172414,0.343,0.0,3.1832804648106943e-06,0.0023237693398694623
TU,stock,0.008620689655172414,0.022,0.0,2.0417542339893662e-07,0.0013755995863308059
CCET,stock,0.008620689655172414,0.065,0.0,2.386279781937635e-08,0.0015096731648078432
DELTA,stock,0.008620689655172414,0.017,0.0,6.241039429683047e-09,0.0013626770968993354
พรชัย รุจิประภา,minister,0.008620689655172414,0.9698630136986301,0.0,3.672211769406998e-08,0.00395762851536988
ประจิน จั่นตอง,minister,0.008620689655172414,0.9698630136986301,0.0,5.578941683613358e-07,0.00385987962847922
รัชตะ รัชตะนาวิน,minister,0.008620689655172414,0.9698630136986301,0.0,0.014045112888213808,0.003640355585645791
พิเชฐ ดุรงคเวโรจน์,minister,0.008620689655172414,2.5671232876712327,0.0,9.719950361396488e-08,0.008316974002865223
ปิยะสกล สกลสัตยาทร,minister,0.008620689655172414,3.893150684931507,0.0,0.05637882885353621,0.010662480300536967
อภิรดี ตันตราภรณ์,minister,0.008620689655172414,2.265753424657534,0.0,0.0005871957498394748,0.008523974460361938
ปีติพงศ์ พึ่งบุญ ณ อยุธยา,minister,0.008620689655172414,0.9698630136986301,0.0,9.001008702767569e-06,0.004175397219000707
กฤษฎา บุญราช,minister,0.008620689655172414,1.6273972602739726,0.0,1.5103387484304902e-05,0.0061176217813638505
อนุพงษ์ เผ่าจินดา,minister,0.008620689655172414,9.01095890410959,0.0,0.6545073567762874,0.02144563455479708
จักรมณฑ์ ผาสุกวนิช,minister,0.008620689655172414,0.9698630136986301,0.0,3.560560770520223e-07,0.004280742019173277
อรรชกา สีบุญเรือง,minister,0.008620689655172414,1.326027397260274,0.0,4.868111335965503e-07,0.005371466267352845
ณรงค์ชัย อัครเศรณี,minister,0.008620689655172414,0.9698630136986301,0.0,4.6103491020433064e-06,0.005234162543727196
ศิริ จิระพงษ์พันธ์,minister,0.008620689655172414,1.6273972602739726,0.0,7.73600951020826e-06,0.007894194105904907
อนันตพร กาญจนรัตน์,minister,0.008620689655172414,2.265753424657534,0.0,1.0770504823135067e-05,0.010476641414185767
CPF,stock,0.008620689655172414,0.313,0.0,2.9048594329030533e-06,0.002235155344211644
OSP,stock,0.008620689655172414,0.493,0.0,4.575385624348898e-06,0.0027668393181585543
ศักดิ์สยาม ชิดชอบ,minister,0.008620689655172414,3.649315068493151,0.0,2.0991950063765515e-06,0.010902760529346273
สุพัฒนพงษ์ พันธ์มีเชาว์,minister,0.008620689655172414,3.073972602739726,0.0,1.4612462408171158e-05,0.01374626354269587
ปรีดี ดาวฉาย,minister,0.008620689655172414,0.07397260273972603,0.0,2.6647400414686687e-08,0.001586526934328097
วีระศักดิ์ โควสุรัตน์,minister,0.008620689655172414,1.6273972602739726,0.0,2.1328993259082006e-07,0.005801096561363017
กอบกาญจน์ วัฒนวรางกูร,minister,0.008620689655172414,3.2356164383561645,0.0,4.240663474575059e-07,0.010238659011993898
เฉลิมชัย ศรีอ่อน,minister,0.008620689655172414,4.147945205479452,0.0,3.849583948019802e-05,0.013562815937089231
จุรินทร์ ลักษณวิศิษฏ์,minister,0.008620689655172414,4.147945205479452,0.0,0.0010749871405767413,0.014516208159844158
ชัยวุฒิ ธนาคมานุสรณ์,minister,0.008620689655172414,2.4465753424657533,0.0,9.26351726011426e-08,0.007987966796261802
เศรษฐา ทวีสิน,minister,0.008620689655172414,0.6547945205479452,0.0,2.3587884070778215e-07,0.0037529387973044407
พิชัย ชุณหวชิร,minister,0.008620689655172414,1.3972602739726028,0.0,5.033397856107486e-07,0.006522267169316653
ประเสริฐ จันทรรวงทอง,minister,0.008620689655172414,2.052054794520548,0.0,7.769736201372433e-08,0.006911215938286967
พีระพันธุ์ สาลีรัฐวิภาค,minister,0.008620689655172414,2.052054794520548,0.0,9.754665190481458e-06,0.009612131156478014
ชลน่าน ศรีแก้ว,minister,0.008620689655172414,0.6547945205479452,0.0,0.00948243497255113,0.002883519276168297
สมศักดิ์ เทพสุทิน,minister,0.008620689655172414,1.3972602739726028,0.0,0.02023448466946057,0.004667020492415259
พิพัฒน์ รัชกิจประการ,minister,0.017241379310344827,4.978082191780822,0.0,1.021157561118033e-06,0.014938046479125786
พุทธิพงษ์ ปุณณกันต์,minister,0.008620689655172414,1.63013698630137,0.0,6.172220346884643e-08,0.005759690715174988
พิมพ์ภัทรา วิชัยกุล,minister,0.008620689655172414,1.0082191780821919,0.0,3.701373908337407e-07,0.004398204630515693
ธรรมนัส พรหมเผ่า,minister,0.008620689655172414,1.5342465753424657,0.0,1.4238883823587113e-05,0.005842473301695739
สุดาวรรณ หวังศุภกิจโกศล,minister,0.008620689655172414,0.6547945205479452,0.0,8.581867658115488e-08,0.0031173918424976625
เสริมศักดิ์ พงษ์พานิช,minister,0.008620689655172414,0.35342465753424657,0.0,4.63205409161882e-08,0.0022858213662295245
จตุพร บุรุษพัฒน์,minister,0.008620689655172414,0.2219178082191781,0.0,5.7512522051992104e-05,0.0020171238929474738
พิชัย นริพทะพันธุ์,minister,0.008620689655172414,0.821917808219178,0.0,0.00021300934093330403,0.003927311928153597
นฤมล ภิญโญสินวัฒน์,minister,0.008620689655172414,0.821917808219178,0.0,7.627973476921666e-06,0.0037383966924690007
สรวงศ์ เทียนทอง,minister,0.008620689655172414,1.0438356164383562,0.0,1.3680717898502097e-07,0.004190873730043804
เอกนิติ นิติทัณฑ์ประภาศ,minister,0.008620689655172414,0.8301369863013699,0.0,2.9904304909815064e-07,0.00440694992575013
อรรถพล ฤกษ์พิบูลย์,minister,0.008620689655172414,0.5260273972602739,0.0,2.500528326531962e-06,0.0034386412392572413
ไชยชนก ชิดชอบ,minister,0.008620689655172414,0.8301369863013699,0.0,3.1431643111026e-08,0.003576279253170458
พัฒนา พร้อมพัฒน์,minister,0.008620689655172414,0.8301369863013699,0.0,0.012021664421267751,0.003304715135355772
ศุภจี สุธรรมพันธุ์,minister,0.008620689655172414,0.8301369863013699,0.0,0.0002151394343426371,0.003953478887539982
ธนกร วังบุญคงชนะ,minister,0.008620689655172414,0.5260273972602739,0.0,1.931151604349951e-07,0.0029215318022110474
วราวุธ ศิลปอาชา,minister,0.008620689655172414,0.3041095890410959,0.0,1.1164470212648158e-07,0.002241926693729933
สุรศักดิ์ พันธ์เจริญวรกุล,minister,0.008620689655172414,0.3041095890410959,0.0,3.985720962555729e-08,0.002149746197385648
